<?xml version="1.0" encoding="utf-8"?>
<extension type="component" version="3.1" method="upgrade">
	<name>Agile CRM</name>
    <author>Agile CRM</author>
    <creationDate>2016-10-28</creationDate>
	<authorEmail>cares@agilecrm.com</authorEmail>
	<authorUrl>http://www.ailecrm.com</authorUrl>
	<copyright>Copyright (c) 2007-2016 www.agilecrm.com</copyright>
	<license>GNU/GPL - http://www.gnu.org/copyleft/gpl.html</license>
	<version>0.1</version>
	<targetjoomla>3.2</targetjoomla>
    <description>Agile CRM is an all-in-one, affordable and next-gen Customer Relationship Management (CRM) software with marketing, sales and service automation, built with love for small businesses.</description>
	
	<!-- Runs on install/uninstall/update -->
	<scriptfile>script.php</scriptfile>
	
	<install> <!-- Runs on install -->
		<sql>
			<file driver="mysql" charset="utf8">sql/install.mysql.utf8.sql</file>
		</sql>
	</install>

	<uninstall> <!-- Runs on uninstall -->
		<sql>
			<file driver="mysql" charset="utf8">sql/uninstall.mysql.utf8.sql</file>
		</sql>
	</uninstall>

	<update> <!-- Runs on update; New in 1.6 -->
		<schemas>
			<schemapath type="mysql">sql/updates/mysql</schemapath>
		</schemas>
	</update>	
	

	<administration>
	<!-- Administration Menu Section -->
	<menu  link="option=com_agilecrm&amp;view=dashboard">COM_AGILECRM</menu>
    <submenu>
      <menu link="option=com_agilecrm&amp;view=dashboard">COM_AGILECRM_HOME</menu>
      <menu link="option=com_agilecrm&amp;view=webrules">COM_AGILECRM_WEBRULES</menu>
      <menu link="option=com_agilecrm&amp;view=formbuilder">COM_AGILECRM_FORMBUILDERS</menu>
      <menu link="option=com_agilecrm&amp;view=landingpages">COM_AGILECRM_LANDINGPAGES</menu>
	  <menu link="option=com_agilecrm&amp;view=emailcampaigns">COM_AGILECRM_EMAILCAMPAIGNS</menu>
      <menu link="option=com_agilecrm&amp;view=webstats">COM_AGILECRM_WEBSTATS</menu>
      <menu link="option=com_agilecrm&amp;view=referafriend">COM_AGILECRM_REFERAFREIND</menu>
      <menu link="option=com_agilecrm&amp;view=settings">COM_AGILECRM_SETTINGS</menu>
    </submenu>
		<!-- Administration Main File Copy Section -->
		<!-- Note the folder attribute: This attribute describes the folder
			to copy FROM in the package to install therefore files copied
			in this section are copied from /admin/ in the package -->
	<files folder="admin">
			<!-- Admin Main File Copy Section -->
			<filename>index.html</filename>
			<filename>config.xml</filename>
			<filename>access.xml</filename>
			<filename>htaccess.txt</filename>
			<filename>agilecrm.php</filename>
			<filename>controller.php</filename>
			<folder>sql</folder>
			<folder>help</folder>
			<folder>helpers</folder>
			<folder>assets</folder>
			<folder>tables</folder>
			<folder>models</folder>
			<folder>views</folder>
            <folder>controllers</folder>
	</files>
	
	<languages folder="admin">
			<language tag="en-GB">language/en-GB/en-GB.com_agilecrm.ini</language>
			<language tag="en-GB">language/en-GB/en-GB.com_agilecrm.sys.ini</language>
    </languages>

	</administration>
	
    <!-- UPDATESERVER DEFINITION -->
	<updateservers>
		<!-- Note: No spaces or linebreaks allowed between the server tags -->
		<server type="extension" priority="1" name="Agile CRM Update Site"></server>
	</updateservers>
	
</extension>